city_id,city_cn,number,background,incentive1,incentive2,area,pop,pred_number1,pred_number2,number_iv,env_lon,env_lat,centroid_lon,centroid_lat,cen_lat,cen_lon,disttocoast,GDP,year,month,pm25,pm_indirect,pm_direct,pre,tem_mean,age,age_year,light,pred,tem_meand,quarter,time,any_air,post1,pm
1405.0,晋城,5.0,1.0,0.0,20.0,51.0,42.0,4.0,2.0,4.0,112.84126124783164,35.49035163926217,112.74298060861244,35.61168198755979,35.490701,112.851831,539183.56,50243.0,2010.0,1.0,0.15655263,0.17386205,0.1577756,0.30000000447034836,-1.7677419,50.0,53.0,,0.0,-1.0,1.0,1.0,1.0,0.0,0.17480315
1405.0,晋城,5.0,1.0,0.0,20.0,51.0,42.0,4.0,2.0,4.0,112.84126124783164,35.49035163926217,112.74298060861244,35.61168198755979,35.490701,112.851831,539183.56,50243.0,2010.0,2.0,0.15940693,0.1434692,0.16843832,13.999999821186066,1.1571429,50.0,53.0,,0.0,1.0,1.0,1.0,1.0,0.0,0.13622047
1405.0,晋城,5.0,1.0,0.0,20.0,51.0,42.0,4.0,2.0,4.0,112.84126124783164,35.49035163926217,112.74298060861244,35.61168198755979,35.490701,112.851831,539183.56,50243.0,2010.0,3.0,0.41002032,0.31837657,0.45910582,3.4000000432133675,5.832258,50.0,53.0,,0.0,5.0,1.0,1.0,1.0,0.0,0.66456693
1405.0,晋城,5.0,1.0,0.0,20.0,51.0,42.0,4.0,2.0,4.0,112.84126124783164,35.49035163926217,112.74298060861244,35.61168198755979,35.490701,112.851831,539183.56,50243.0,2010.0,4.0,0.3070447,0.26042148,0.33346456,37.49999886751175,11.196667,50.0,53.0,,1.0,11.0,2.0,2.0,1.0,0.0,0.38937008
1405.0,晋城,5.0,1.0,0.0,20.0,51.0,42.0,4.0,2.0,4.0,112.84126124783164,35.49035163926217,112.74298060861244,35.61168198755979,35.490701,112.851831,539183.56,50243.0,2010.0,5.0,0.3123639,0.25972673,0.3421916,33.29999976605177,19.36129,50.0,53.0,,1.0,19.0,2.0,2.0,1.0,0.0,0.42401576
1405.0,晋城,5.0,1.0,0.0,20.0,51.0,42.0,4.0,2.0,4.0,112.84126124783164,35.49035163926217,112.74298060861244,35.61168198755979,35.490701,112.851831,539183.56,50243.0,2010.0,6.0,0.632874,0.5411649,0.6848425,50.59999914467335,23.233334,50.0,53.0,,2.0,23.0,2.0,2.0,1.0,0.0,0.67047244
1405.0,晋城,5.0,1.0,0.0,20.0,51.0,42.0,4.0,2.0,4.0,112.84126124783164,35.49035163926217,112.74298060861244,35.61168198755979,35.490701,112.851831,539183.56,50243.0,2010.0,7.0,0.650444,0.48251504,0.7456037,108.2000002861023,24.935484,50.0,53.0,,5.0,24.0,3.0,3.0,0.0,0.0,0.91850394
1405.0,晋城,5.0,1.0,0.0,20.0,51.0,42.0,4.0,2.0,4.0,112.84126124783164,35.49035163926217,112.74298060861244,35.61168198755979,35.490701,112.851831,539183.56,50243.0,2010.0,8.0,0.36019433,0.26974294,0.41145012,118.89999864250422,23.235483,50.0,53.0,,5.0,23.0,3.0,3.0,0.0,0.0,0.4688976
1405.0,晋城,5.0,1.0,0.0,20.0,51.0,42.0,4.0,2.0,4.0,112.84126124783164,35.49035163926217,112.74298060861244,35.61168198755979,35.490701,112.851831,539183.56,50243.0,2010.0,9.0,0.31695008,0.2517369,0.3539042,71.30000053346157,18.913334,50.0,53.0,,3.0,18.0,3.0,3.0,0.0,0.0,0.43188974
1405.0,晋城,5.0,1.0,0.0,20.0,51.0,42.0,4.0,2.0,4.0,112.84126124783164,35.49035163926217,112.74298060861244,35.61168198755979,35.490701,112.851831,539183.56,50243.0,2010.0,10.0,0.26294187,0.20958777,0.29317585,16.500000454485416,12.7,50.0,53.0,,0.0,12.0,4.0,4.0,1.0,0.0,0.37795275
1405.0,晋城,5.0,1.0,0.0,20.0,51.0,42.0,4.0,2.0,4.0,112.84126124783164,35.49035163926217,112.74298060861244,35.61168198755979,35.490701,112.851831,539183.56,50243.0,2010.0,11.0,0.12035098,0.10369384,0.12979002,2.0,6.476667,50.0,53.0,,0.0,6.0,4.0,4.0,1.0,0.0,0.17362204
1405.0,晋城,5.0,1.0,0.0,20.0,51.0,42.0,4.0,2.0,4.0,112.84126124783164,35.49035163926217,112.74298060861244,35.61168198755979,35.490701,112.851831,539183.56,50243.0,2010.0,12.0,0.12382318,0.103369616,0.13914043,0.0,0.9419355,50.0,53.0,,0.0,0.0,4.0,4.0,1.0,0.0,0.1531496
1405.0,晋城,5.0,1.0,0.0,20.0,51.0,42.0,4.0,2.0,4.0,112.84126124783164,35.49035163926217,112.74298060861244,35.61168198755979,35.490701,112.851831,539183.56,50243.0,2011.0,1.0,0.57599,0.46034312,0.54732984,0.20000000298023224,-5.4225807,50.0,48.0,,0.0,-5.0,1.0,5.0,1.0,0.0,0.24094488
1405.0,晋城,5.0,1.0,0.0,20.0,51.0,42.0,4.0,2.0,4.0,112.84126124783164,35.49035163926217,112.74298060861244,35.61168198755979,35.490701,112.851831,539183.56,50243.0,2011.0,2.0,0.38040194,0.23589946,0.46004665,20.70000010728836,0.75714284,50.0,48.0,,1.0,0.0,1.0,5.0,1.0,0.0,0.807874
1405.0,晋城,5.0,1.0,0.0,20.0,51.0,42.0,4.0,2.0,4.0,112.84126124783164,35.49035163926217,112.74298060861244,35.61168198755979,35.490701,112.851831,539183.56,50243.0,2011.0,3.0,0.24392696,0.24635248,0.24255249,4.799999937415123,5.951613,50.0,48.0,,0.0,5.0,1.0,5.0,1.0,0.0,0.23307087
1405.0,晋城,5.0,1.0,0.0,20.0,51.0,42.0,4.0,2.0,4.0,112.84126124783164,35.49035163926217,112.74298060861244,35.61168198755979,35.490701,112.851831,539183.56,50243.0,2011.0,4.0,0.33167198,0.30222324,0.34835958,15.299999475479126,14.7,50.0,48.0,,0.0,14.0,2.0,6.0,0.0,0.0,0.3964567
1405.0,晋城,5.0,1.0,0.0,20.0,51.0,42.0,4.0,2.0,4.0,112.84126124783164,35.49035163926217,112.74298060861244,35.61168198755979,35.490701,112.851831,539183.56,50243.0,2011.0,5.0,0.50270146,0.42125985,0.5488517,46.59999990463257,18.948387,50.0,48.0,,2.0,18.0,2.0,6.0,0.0,0.0,0.48897636
1405.0,晋城,5.0,1.0,0.0,20.0,51.0,42.0,4.0,2.0,4.0,112.84126124783164,35.49035163926217,112.74298060861244,35.61168198755979,35.490701,112.851831,539183.56,50243.0,2011.0,6.0,0.5402915,0.5064845,0.55944884,25.19999984651804,24.483334,50.0,48.0,,1.0,24.0,2.0,6.0,0.0,0.0,0.52992123
1405.0,晋城,5.0,1.0,0.0,20.0,51.0,42.0,4.0,2.0,4.0,112.84126124783164,35.49035163926217,112.74298060861244,35.61168198755979,35.490701,112.851831,539183.56,50243.0,2011.0,7.0,0.35724157,0.32520843,0.3753937,154.10000459104776,24.625807,50.0,48.0,,7.0,24.0,3.0,7.0,1.0,0.0,0.5267716
1405.0,晋城,5.0,1.0,0.0,20.0,51.0,42.0,4.0,2.0,4.0,112.84126124783164,35.49035163926217,112.74298060861244,35.61168198755979,35.490701,112.851831,539183.56,50243.0,2011.0,8.0,0.87678003,0.7520264,0.94747376,119.20000169426203,22.258064,50.0,48.0,,5.0,22.0,3.0,7.0,1.0,0.0,1.0
1405.0,晋城,5.0,1.0,0.0,20.0,51.0,42.0,4.0,2.0,4.0,112.84126124783164,35.49035163926217,112.74298060861244,35.61168198755979,35.490701,112.851831,539183.56,50243.0,2011.0,9.0,0.47914225,0.4304655,0.5067257,217.4000008702278,16.73,50.0,48.0,,10.0,16.0,3.0,7.0,1.0,0.0,0.6062992
1405.0,晋城,5.0,1.0,0.0,20.0,51.0,42.0,4.0,2.0,4.0,112.84126124783164,35.49035163926217,112.74298060861244,35.61168198755979,35.490701,112.851831,539183.56,50243.0,2011.0,10.0,0.2693081,0.22180408,0.29622704,54.59999978542328,12.587097,50.0,48.0,,2.0,12.0,4.0,8.0,0.0,0.0,0.36417323
1405.0,晋城,5.0,1.0,0.0,20.0,51.0,42.0,4.0,2.0,4.0,112.84126124783164,35.49035163926217,112.74298060861244,35.61168198755979,35.490701,112.851831,539183.56,50243.0,2011.0,11.0,0.10970705,0.09180562,0.124967195,67.10000038146973,7.5,50.0,48.0,,3.0,7.0,4.0,8.0,0.0,0.0,0.1480315
1405.0,晋城,5.0,1.0,0.0,20.0,51.0,42.0,4.0,2.0,4.0,112.84126124783164,35.49035163926217,112.74298060861244,35.61168198755979,35.490701,112.851831,539183.56,50243.0,2011.0,12.0,0.18326385,0.26278096,0.28642848,1.5,-0.41935483,50.0,48.0,,0.0,0.0,4.0,8.0,0.0,0.0,0.1956693
1405.0,晋城,5.0,1.0,0.0,20.0,51.0,42.0,4.0,2.0,4.0,112.84126124783164,35.49035163926217,112.74298060861244,35.61168198755979,35.490701,112.851831,539183.56,50243.0,2012.0,1.0,0.25972673,0.26759222,0.31209078,3.999999977648258,-3.1032257,50.0,49.0,,0.0,-3.0,1.0,9.0,1.0,0.0,0.46614173
1405.0,晋城,5.0,1.0,0.0,20.0,51.0,42.0,4.0,2.0,4.0,112.84126124783164,35.49035163926217,112.74298060861244,35.61168198755979,35.490701,112.851831,539183.56,50243.0,2012.0,2.0,0.21196155,0.22093868,0.25496837,0.20000000298023224,-0.36896554,50.0,49.0,,0.0,0.0,1.0,9.0,1.0,0.0,0.35629922
1405.0,晋城,5.0,1.0,0.0,20.0,51.0,42.0,4.0,2.0,4.0,112.84126124783164,35.49035163926217,112.74298060861244,35.61168198755979,35.490701,112.851831,539183.56,50243.0,2012.0,3.0,0.26579037,0.2534087,0.27280185,25.900000229477882,5.5741935,50.0,49.0,,1.0,5.0,1.0,9.0,1.0,0.0,0.3023622
1405.0,晋城,5.0,1.0,0.0,20.0,51.0,42.0,4.0,2.0,4.0,112.84126124783164,35.49035163926217,112.74298060861244,35.61168198755979,35.490701,112.851831,539183.56,50243.0,2012.0,4.0,0.48458704,0.41442797,0.52434385,15.69999998062849,14.926666,50.0,49.0,0.7860544005549361,0.0,14.0,2.0,10.0,1.0,0.0,0.64606297
1405.0,晋城,5.0,1.0,0.0,20.0,51.0,42.0,4.0,2.0,4.0,112.84126124783164,35.49035163926217,112.74298060861244,35.61168198755979,35.490701,112.851831,539183.56,50243.0,2012.0,5.0,0.5310563,0.45264012,0.57549214,11.000000298023224,20.04516,50.0,49.0,0.6970227089185959,0.0,20.0,2.0,10.0,1.0,0.0,0.6586614
1405.0,晋城,5.0,1.0,0.0,20.0,51.0,42.0,4.0,2.0,4.0,112.84126124783164,35.49035163926217,112.74298060861244,35.61168198755979,35.490701,112.851831,539183.56,50243.0,2012.0,6.0,0.4196683,0.32931912,0.47086614,17.999999821186066,24.183332,50.0,49.0,,0.0,24.0,2.0,10.0,1.0,0.0,0.66811025
1405.0,晋城,5.0,1.0,0.0,20.0,51.0,42.0,4.0,2.0,4.0,112.84126124783164,35.49035163926217,112.74298060861244,35.61168198755979,35.490701,112.851831,539183.56,50243.0,2012.0,7.0,0.46913218,0.3177397,0.55492127,128.8000004068017,25.329033,50.0,49.0,0.7038780126006596,6.0,25.0,3.0,11.0,0.0,0.0,0.5862205
1405.0,晋城,5.0,1.0,0.0,20.0,51.0,42.0,4.0,2.0,4.0,112.84126124783164,35.49035163926217,112.74298060861244,35.61168198755979,35.490701,112.851831,539183.56,50243.0,2012.0,8.0,0.444484,0.3365563,0.50564307,61.49999964237213,22.883871,50.0,49.0,0.8144030982788405,3.0,22.0,3.0,11.0,0.0,0.0,0.51496065
1405.0,晋城,5.0,1.0,0.0,20.0,51.0,42.0,4.0,2.0,4.0,112.84126124783164,35.49035163926217,112.74298060861244,35.61168198755979,35.490701,112.851831,539183.56,50243.0,2012.0,9.0,0.253581,0.16836499,0.30187008,45.499998703598976,17.76,50.0,49.0,0.7398831585831169,2.0,17.0,3.0,11.0,0.0,0.0,0.36141732
1405.0,晋城,5.0,1.0,0.0,20.0,51.0,42.0,4.0,2.0,4.0,112.84126124783164,35.49035163926217,112.74298060861244,35.61168198755979,35.490701,112.851831,539183.56,50243.0,2012.0,10.0,0.24181186,0.21543539,0.25675854,11.799999751150608,13.441936,50.0,49.0,0.7967424245632979,0.0,13.0,4.0,12.0,0.0,0.0,0.31614172
1405.0,晋城,5.0,1.0,0.0,20.0,51.0,42.0,4.0,2.0,4.0,112.84126124783164,35.49035163926217,112.74298060861244,35.61168198755979,35.490701,112.851831,539183.56,50243.0,2012.0,11.0,0.17752136,0.14879574,0.19379921,8.099999956786633,4.616667,50.0,49.0,0.844257987535149,0.0,4.0,4.0,12.0,0.0,0.0,0.30590552
1405.0,晋城,5.0,1.0,0.0,20.0,51.0,42.0,4.0,2.0,4.0,112.84126124783164,35.49035163926217,112.74298060861244,35.61168198755979,35.490701,112.851831,539183.56,50243.0,2012.0,12.0,0.09518164,0.12939481,0.0941273,4.000000014901161,-1.9709678,50.0,49.0,0.6560755734367127,0.0,-1.0,4.0,12.0,0.0,0.0,0.11259843
1405.0,晋城,5.0,1.0,0.0,20.0,51.0,42.0,4.0,2.0,4.0,112.84126124783164,35.49035163926217,112.74298060861244,35.61168198755979,35.490701,112.851831,539183.56,50243.0,2013.0,1.0,0.1313039,0.14726533,0.15206693,5.299999907612801,-1.6935483,50.0,45.0,0.6875768709644148,0.0,-1.0,1.0,13.0,3.0,0.0,0.14330709
1405.0,晋城,5.0,1.0,0.0,20.0,51.0,42.0,4.0,2.0,4.0,112.84126124783164,35.49035163926217,112.74298060861244,35.61168198755979,35.490701,112.851831,539183.56,50243.0,2013.0,2.0,0.26026613,0.25787523,0.27958125,13.199999958276749,1.8,50.0,45.0,0.7510106342143618,0.0,1.0,1.0,13.0,3.0,0.0,0.36811024
1405.0,晋城,5.0,1.0,0.0,20.0,51.0,42.0,4.0,2.0,4.0,112.84126124783164,35.49035163926217,112.74298060861244,35.61168198755979,35.490701,112.851831,539183.56,50243.0,2013.0,3.0,0.41860026,0.40429598,0.42670602,4.100000075995922,8.574194,50.0,45.0,0.7230009513729043,0.0,8.0,1.0,13.0,3.0,0.0,0.41456693
1405.0,晋城,5.0,1.0,0.0,20.0,51.0,42.0,4.0,2.0,4.0,112.84126124783164,35.49035163926217,112.74298060861244,35.61168198755979,35.490701,112.851831,539183.56,50243.0,2013.0,4.0,0.42752135,0.41298056,0.43576115,16.69999972730875,13.663333,50.0,45.0,0.833415707071234,0.0,13.0,2.0,14.0,0.0,0.0,0.57125986
1405.0,晋城,5.0,1.0,0.0,20.0,51.0,42.0,4.0,2.0,4.0,112.84126124783164,35.49035163926217,112.74298060861244,35.61168198755979,35.490701,112.851831,539183.56,50243.0,2013.0,5.0,0.24327777,0.23761001,0.2464895,97.89999869465828,20.264517,50.0,45.0,0.8059983826308189,4.0,20.0,2.0,14.0,0.0,0.0,0.27677163
1405.0,晋城,5.0,1.0,0.0,20.0,51.0,42.0,4.0,2.0,4.0,112.84126124783164,35.49035163926217,112.74298060861244,35.61168198755979,35.490701,112.851831,539183.56,50243.0,2013.0,6.0,0.48540375,0.4364868,0.51312333,46.699999429285526,23.803333,50.0,45.0,,2.0,23.0,2.0,14.0,0.0,0.0,0.5641732
1405.0,晋城,5.0,1.0,0.0,20.0,51.0,42.0,4.0,2.0,4.0,112.84126124783164,35.49035163926217,112.74298060861244,35.61168198755979,35.490701,112.851831,539183.56,50243.0,2013.0,7.0,0.34911627,0.26487958,0.39685038,438.9999934732914,25.280645,50.0,45.0,0.2498850886852245,21.0,25.0,3.0,15.0,2.0,0.0,0.546063
1405.0,晋城,5.0,1.0,0.0,20.0,51.0,42.0,4.0,2.0,4.0,112.84126124783164,35.49035163926217,112.74298060861244,35.61168198755979,35.490701,112.851831,539183.56,50243.0,2013.0,8.0,0.39041296,0.31305003,0.43425196,35.19999980926514,25.625807,50.0,45.0,0.8758062383959149,1.0,25.0,3.0,15.0,2.0,0.0,0.56574804
1405.0,晋城,5.0,1.0,0.0,20.0,51.0,42.0,4.0,2.0,4.0,112.84126124783164,35.49035163926217,112.74298060861244,35.61168198755979,35.490701,112.851831,539183.56,50243.0,2013.0,9.0,0.60445637,0.49698934,0.6653543,57.89999909698963,20.036667,50.0,45.0,0.8227123039630638,2.0,20.0,3.0,15.0,2.0,0.0,0.6937008
1405.0,晋城,5.0,1.0,0.0,20.0,51.0,42.0,4.0,2.0,4.0,112.84126124783164,35.49035163926217,112.74298060861244,35.61168198755979,35.490701,112.851831,539183.56,50243.0,2013.0,10.0,0.49442956,0.44609773,0.52181756,31.39999982714653,13.4,50.0,45.0,0.9113253646803192,1.0,13.0,4.0,16.0,0.0,0.0,0.48110235
1405.0,晋城,5.0,1.0,0.0,20.0,51.0,42.0,4.0,2.0,4.0,112.84126124783164,35.49035163926217,112.74298060861244,35.61168198755979,35.490701,112.851831,539183.56,50243.0,2013.0,11.0,0.14688891,0.12193145,0.16939871,15.699999883770943,6.2233334,50.0,45.0,0.9098890537950001,0.0,6.0,4.0,16.0,0.0,0.0,0.13937008
1405.0,晋城,5.0,1.0,0.0,20.0,51.0,42.0,4.0,2.0,4.0,112.84126124783164,35.49035163926217,112.74298060861244,35.61168198755979,35.490701,112.851831,539183.56,50243.0,2013.0,12.0,0.09202756,0.12919141,0.090321526,0.0,-0.28064516,50.0,45.0,1.0009482611959681,0.0,0.0,4.0,16.0,0.0,0.0,0.1051181
1405.0,晋城,5.0,1.0,0.0,20.0,51.0,42.0,4.0,2.0,4.0,112.84126124783164,35.49035163926217,112.74298060861244,35.61168198755979,35.490701,112.851831,539183.56,50243.0,2014.0,1.0,0.16996938,0.124814086,0.20462598,0.30000001192092896,0.6,50.0,46.0,0.8150889852981809,0.0,0.0,1.0,17.0,2.0,0.0,0.27637798
1405.0,晋城,5.0,1.0,0.0,20.0,51.0,42.0,4.0,2.0,4.0,112.84126124783164,35.49035163926217,112.74298060861244,35.61168198755979,35.490701,112.851831,539183.56,50243.0,2014.0,2.0,0.23646654,0.23181333,0.2777947,36.79999943077564,-0.21785715,50.0,46.0,0.9277262742281597,1.0,0.0,1.0,17.0,2.0,0.0,0.19685039
1405.0,晋城,5.0,1.0,0.0,20.0,51.0,42.0,4.0,2.0,4.0,112.84126124783164,35.49035163926217,112.74298060861244,35.61168198755979,35.490701,112.851831,539183.56,50243.0,2014.0,3.0,0.2008921,0.20142427,0.20059055,4.300000138580799,9.7,50.0,46.0,0.7601570267323617,0.0,9.0,1.0,17.0,2.0,0.0,0.1527559
1405.0,晋城,5.0,1.0,0.0,20.0,51.0,42.0,4.0,2.0,4.0,112.84126124783164,35.49035163926217,112.74298060861244,35.61168198755979,35.490701,112.851831,539183.56,50243.0,2014.0,4.0,0.43049505,0.4246179,0.43382546,67.79999840259552,14.31,50.0,46.0,0.8031916411131703,3.0,14.0,2.0,18.0,1.0,0.0,0.47952756
1405.0,晋城,5.0,1.0,0.0,20.0,51.0,42.0,4.0,2.0,4.0,112.84126124783164,35.49035163926217,112.74298060861244,35.61168198755979,35.490701,112.851831,539183.56,50243.0,2014.0,5.0,0.30166274,0.27518526,0.31666666,36.800000198185444,19.819355,50.0,46.0,0.849482389468234,1.0,19.0,2.0,18.0,1.0,0.0,0.31968504
1405.0,晋城,5.0,1.0,0.0,20.0,51.0,42.0,4.0,2.0,4.0,112.84126124783164,35.49035163926217,112.74298060861244,35.61168198755979,35.490701,112.851831,539183.56,50243.0,2014.0,6.0,0.5533171,0.49108383,0.5885827,56.39999984949827,23.25,50.0,46.0,,2.0,23.0,2.0,18.0,1.0,0.0,0.653937
1405.0,晋城,5.0,1.0,0.0,20.0,51.0,42.0,4.0,2.0,4.0,112.84126124783164,35.49035163926217,112.74298060861244,35.61168198755979,35.490701,112.851831,539183.56,50243.0,2014.0,7.0,0.44835818,0.39815888,0.47680447,35.20000062137842,25.403225,50.0,46.0,0.7689949396929043,1.0,25.0,3.0,19.0,3.0,0.0,0.6102362
1405.0,晋城,5.0,1.0,0.0,20.0,51.0,42.0,4.0,2.0,4.0,112.84126124783164,35.49035163926217,112.74298060861244,35.61168198755979,35.490701,112.851831,539183.56,50243.0,2014.0,8.0,0.36595327,0.28022233,0.41453412,128.70000103116035,22.319355,50.0,46.0,0.8950660297503829,6.0,22.0,3.0,19.0,3.0,0.0,0.4
1405.0,晋城,5.0,1.0,0.0,20.0,51.0,42.0,4.0,2.0,4.0,112.84126124783164,35.49035163926217,112.74298060861244,35.61168198755979,35.490701,112.851831,539183.56,50243.0,2014.0,9.0,0.21862958,0.18214451,0.23930447,203.80000060796738,18.433332,50.0,46.0,0.8347907388837872,10.0,18.0,3.0,19.0,3.0,0.0,0.28897637
1405.0,晋城,5.0,1.0,0.0,20.0,51.0,42.0,4.0,2.0,4.0,112.84126124783164,35.49035163926217,112.74298060861244,35.61168198755979,35.490701,112.851831,539183.56,50243.0,2014.0,10.0,0.30448985,0.2662112,0.3261811,6.800000049173832,13.938709,50.0,46.0,0.7808032072449256,0.0,13.0,4.0,20.0,2.0,0.0,0.34803152
1405.0,晋城,5.0,1.0,0.0,20.0,51.0,42.0,4.0,2.0,4.0,112.84126124783164,35.49035163926217,112.74298060861244,35.61168198755979,35.490701,112.851831,539183.56,50243.0,2014.0,11.0,0.15760732,0.15359478,0.16194226,11.700000241398811,6.366667,50.0,46.0,0.6159372275258478,0.0,6.0,4.0,20.0,2.0,0.0,0.16338582
1405.0,晋城,5.0,1.0,0.0,20.0,51.0,42.0,4.0,2.0,4.0,112.84126124783164,35.49035163926217,112.74298060861244,35.61168198755979,35.490701,112.851831,539183.56,50243.0,2014.0,12.0,0.11928296,0.15528022,0.098884515,0.0,-0.3903226,50.0,46.0,0.8728173775821384,0.0,0.0,4.0,20.0,2.0,0.0,0.07480315
1405.0,晋城,5.0,1.0,0.0,20.0,51.0,42.0,4.0,2.0,4.0,112.84126124783164,35.49035163926217,112.74298060861244,35.61168198755979,35.490701,112.851831,539183.56,50243.0,2015.0,1.0,0.096076414,0.10145055,0.106824145,7.9000000059604645,0.1516129,50.0,47.0,0.6843372135697553,0.0,0.0,1.0,21.0,5.0,1.0,0.13464567
1405.0,晋城,5.0,1.0,0.0,20.0,51.0,42.0,4.0,2.0,4.0,112.84126124783164,35.49035163926217,112.74298060861244,35.61168198755979,35.490701,112.851831,539183.56,50243.0,2015.0,2.0,0.15798292,0.12673691,0.17568898,5.600000083446503,2.3964286,50.0,47.0,0.8756081070904788,0.0,2.0,1.0,21.0,5.0,1.0,0.13346456
1405.0,晋城,5.0,1.0,0.0,20.0,51.0,42.0,4.0,2.0,4.0,112.84126124783164,35.49035163926217,112.74298060861244,35.61168198755979,35.490701,112.851831,539183.56,50243.0,2015.0,3.0,0.25008467,0.23931073,0.25485563,12.299999929964542,8.158065,50.0,47.0,0.6877305883493404,0.0,8.0,1.0,21.0,5.0,1.0,0.27716535
1405.0,晋城,5.0,1.0,0.0,20.0,51.0,42.0,4.0,2.0,4.0,112.84126124783164,35.49035163926217,112.74298060861244,35.61168198755979,35.490701,112.851831,539183.56,50243.0,2015.0,4.0,0.30549505,0.25474757,0.33425197,72.69999861717224,13.623333,50.0,47.0,0.7346710435299362,3.0,13.0,2.0,22.0,11.0,1.0,0.4177165
1405.0,晋城,5.0,1.0,0.0,20.0,51.0,42.0,4.0,2.0,4.0,112.84126124783164,35.49035163926217,112.74298060861244,35.61168198755979,35.490701,112.851831,539183.56,50243.0,2015.0,5.0,0.37634027,0.31652385,0.4102362,49.80000055581331,19.032257,50.0,47.0,0.9650627413320638,2.0,19.0,2.0,22.0,11.0,1.0,0.4909449
1405.0,晋城,5.0,1.0,0.0,20.0,51.0,42.0,4.0,2.0,4.0,112.84126124783164,35.49035163926217,112.74298060861244,35.61168198755979,35.490701,112.851831,539183.56,50243.0,2015.0,6.0,0.37684286,0.36237842,0.38503936,80.39999856054783,22.74,50.0,47.0,,4.0,22.0,2.0,22.0,11.0,1.0,0.530315
1405.0,晋城,5.0,1.0,0.0,20.0,51.0,42.0,4.0,2.0,4.0,112.84126124783164,35.49035163926217,112.74298060861244,35.61168198755979,35.490701,112.851831,539183.56,50243.0,2015.0,7.0,0.39397302,0.3462251,0.4210302,27.199999667704105,24.42258,50.0,47.0,0.6615831247242234,1.0,24.0,3.0,23.0,10.0,1.0,0.357874
1405.0,晋城,5.0,1.0,0.0,20.0,51.0,42.0,4.0,2.0,4.0,112.84126124783164,35.49035163926217,112.74298060861244,35.61168198755979,35.490701,112.851831,539183.56,50243.0,2015.0,8.0,0.42303988,0.35155165,0.46354985,78.20000161230564,23.203226,50.0,47.0,0.5739705950257873,3.0,23.0,3.0,23.0,10.0,1.0,0.53346455
1405.0,晋城,5.0,1.0,0.0,20.0,51.0,42.0,4.0,2.0,4.0,112.84126124783164,35.49035163926217,112.74298060861244,35.61168198755979,35.490701,112.851831,539183.56,50243.0,2015.0,9.0,0.34802732,0.2744326,0.38973096,30.100000262260437,19.34,50.0,47.0,0.6503932930570532,1.0,19.0,3.0,23.0,10.0,1.0,0.3586614
1405.0,晋城,5.0,1.0,0.0,20.0,51.0,42.0,4.0,2.0,4.0,112.84126124783164,35.49035163926217,112.74298060861244,35.61168198755979,35.490701,112.851831,539183.56,50243.0,2015.0,10.0,0.21251465,0.2091246,0.2144357,71.19999814033508,13.283871,50.0,47.0,0.6690284594469044,3.0,13.0,4.0,24.0,5.0,1.0,0.2531496
1405.0,晋城,5.0,1.0,0.0,20.0,51.0,42.0,4.0,2.0,4.0,112.84126124783164,35.49035163926217,112.74298060861244,35.61168198755979,35.490701,112.851831,539183.56,50243.0,2015.0,11.0,0.11828718,0.10936825,0.13333632,58.19999960064888,5.4366665,50.0,47.0,0.6704805924941915,2.0,5.0,4.0,24.0,5.0,1.0,0.16889764
1405.0,晋城,5.0,1.0,0.0,20.0,51.0,42.0,4.0,2.0,4.0,112.84126124783164,35.49035163926217,112.74298060861244,35.61168198755979,35.490701,112.851831,539183.56,50243.0,2015.0,12.0,0.08951892,0.12503207,0.10418456,0.0,0.683871,50.0,47.0,0.8483015908220106,0.0,0.0,4.0,24.0,5.0,1.0,0.08622047
1405.0,晋城,5.0,1.0,0.0,20.0,51.0,42.0,4.0,2.0,4.0,112.84126124783164,35.49035163926217,112.74298060861244,35.61168198755979,35.490701,112.851831,539183.56,50243.0,2016.0,1.0,0.08322931,0.10924671,0.08806073,0.6000000014901161,-2.4419355,50.0,48.0,0.6946936118206064,0.0,-2.0,1.0,25.0,12.0,1.0,0.11614174
1405.0,晋城,5.0,1.0,0.0,20.0,51.0,42.0,4.0,2.0,4.0,112.84126124783164,35.49035163926217,112.74298060861244,35.61168198755979,35.490701,112.851831,539183.56,50243.0,2016.0,2.0,0.09304322,0.06907133,0.1066273,9.199999809265137,1.9517242,50.0,48.0,0.6136503604731702,0.0,1.0,1.0,25.0,12.0,1.0,0.11259843
1405.0,晋城,5.0,1.0,0.0,20.0,51.0,42.0,4.0,2.0,4.0,112.84126124783164,35.49035163926217,112.74298060861244,35.61168198755979,35.490701,112.851831,539183.56,50243.0,2016.0,3.0,0.24430616,0.21558014,0.2589239,5.000000178813934,8.412903,50.0,48.0,0.6258193272643191,0.0,8.0,1.0,25.0,12.0,1.0,0.25354332
1405.0,晋城,5.0,1.0,0.0,20.0,51.0,42.0,4.0,2.0,4.0,112.84126124783164,35.49035163926217,112.74298060861244,35.61168198755979,35.490701,112.851831,539183.56,50243.0,2016.0,4.0,0.2756743,0.2275359,0.30295277,48.50000058114529,15.45,50.0,48.0,0.5955350615476245,2.0,15.0,2.0,26.0,9.0,1.0,0.41811022
1405.0,晋城,5.0,1.0,0.0,20.0,51.0,42.0,4.0,2.0,4.0,112.84126124783164,35.49035163926217,112.74298060861244,35.61168198755979,35.490701,112.851831,539183.56,50243.0,2016.0,5.0,0.23980147,0.20981936,0.25679132,47.19999980926514,18.012903,50.0,48.0,0.6837458537843405,2.0,18.0,2.0,26.0,9.0,1.0,0.34094486
1405.0,晋城,5.0,1.0,0.0,20.0,51.0,42.0,4.0,2.0,4.0,112.84126124783164,35.49035163926217,112.74298060861244,35.61168198755979,35.490701,112.851831,539183.56,50243.0,2016.0,6.0,0.35682276,0.3011232,0.38838583,124.00000047683716,23.09,50.0,48.0,,6.0,23.0,2.0,26.0,9.0,1.0,0.5141732
1405.0,晋城,5.0,1.0,0.0,20.0,51.0,42.0,4.0,2.0,4.0,112.84126124783164,35.49035163926217,112.74298060861244,35.61168198755979,35.490701,112.851831,539183.56,50243.0,2016.0,7.0,0.29958954,0.24305233,0.3316273,241.4999993816018,24.85484,50.0,48.0,0.699652614527,12.0,24.0,3.0,27.0,4.0,1.0,0.45944884
1405.0,晋城,5.0,1.0,0.0,20.0,51.0,42.0,4.0,2.0,4.0,112.84126124783164,35.49035163926217,112.74298060861244,35.61168198755979,35.490701,112.851831,539183.56,50243.0,2016.0,8.0,0.20024292,0.20397174,0.19812992,46.799999959766865,24.71613,50.0,48.0,0.5160130597645542,2.0,24.0,3.0,27.0,4.0,1.0,0.1444882
1405.0,晋城,5.0,1.0,0.0,20.0,51.0,42.0,4.0,2.0,4.0,112.84126124783164,35.49035163926217,112.74298060861244,35.61168198755979,35.490701,112.851831,539183.56,50243.0,2016.0,9.0,0.2702714,0.20507179,0.30721784,38.99999935925007,20.206667,50.0,48.0,0.6285455982915426,1.0,20.0,3.0,27.0,4.0,1.0,0.39881888
1405.0,晋城,5.0,1.0,0.0,20.0,51.0,42.0,4.0,2.0,4.0,112.84126124783164,35.49035163926217,112.74298060861244,35.61168198755979,35.490701,112.851831,539183.56,50243.0,2016.0,10.0,0.22939353,0.2108615,0.23989502,83.79999893158674,13.419354,50.0,48.0,0.7002138185196171,4.0,13.0,4.0,28.0,11.0,1.0,0.20511812
1405.0,晋城,5.0,1.0,0.0,20.0,51.0,42.0,4.0,2.0,4.0,112.84126124783164,35.49035163926217,112.74298060861244,35.61168198755979,35.490701,112.851831,539183.56,50243.0,2016.0,11.0,0.12791087,0.10496758,0.14091207,15.600000195205212,6.15,50.0,48.0,0.6673052109906916,0.0,6.0,4.0,28.0,11.0,1.0,0.18897638
1405.0,晋城,5.0,1.0,0.0,20.0,51.0,42.0,4.0,2.0,4.0,112.84126124783164,35.49035163926217,112.74298060861244,35.61168198755979,35.490701,112.851831,539183.56,50243.0,2016.0,12.0,0.072326645,0.0644685,0.07844488,14.899999767541885,1.8548387,50.0,48.0,0.7176689866273938,0.0,1.0,4.0,28.0,11.0,1.0,0.09015749
1405.0,晋城,5.0,1.0,0.0,20.0,51.0,42.0,4.0,2.0,4.0,112.84126124783164,35.49035163926217,112.74298060861244,35.61168198755979,35.490701,112.851831,539183.56,50243.0,2017.0,1.0,0.36996156,0.32287633,0.36616933,11.900000214576721,0.28387097,50.0,55.0,0.7457305433540957,0.0,0.0,1.0,29.0,47.0,1.0,0.29763776
1405.0,晋城,5.0,1.0,0.0,20.0,51.0,42.0,4.0,2.0,4.0,112.84126124783164,35.49035163926217,112.74298060861244,35.61168198755979,35.490701,112.851831,539183.56,50243.0,2017.0,2.0,0.15403977,0.14289407,0.1660925,13.399999618530273,2.9,50.0,55.0,0.8888831426805746,0.0,2.0,1.0,29.0,47.0,1.0,0.2109
1405.0,晋城,5.0,1.0,0.0,20.0,51.0,42.0,4.0,2.0,4.0,112.84126124783164,35.49035163926217,112.74298060861244,35.61168198755979,35.490701,112.851831,539183.56,50243.0,2017.0,3.0,0.14204787,0.1377647,0.144475,11.600000135600567,7.1741934,50.0,55.0,0.7522764088216914,0.0,7.0,1.0,29.0,47.0,1.0,0.187
1405.0,晋城,5.0,1.0,0.0,20.0,51.0,42.0,4.0,2.0,4.0,112.84126124783164,35.49035163926217,112.74298060861244,35.61168198755979,35.490701,112.851831,539183.56,50243.0,2017.0,4.0,0.15881383,0.14239706,0.16811666,37.699999153614044,14.36,50.0,55.0,0.8436223556893191,1.0,14.0,2.0,30.0,23.0,1.0,0.2313
1405.0,晋城,5.0,1.0,0.0,20.0,51.0,42.0,4.0,2.0,4.0,112.84126124783164,35.49035163926217,112.74298060861244,35.61168198755979,35.490701,112.851831,539183.56,50243.0,2017.0,5.0,0.20743617,0.20070589,0.21125,48.30000081658363,20.76129,50.0,55.0,0.8646688514719575,2.0,20.0,2.0,30.0,23.0,1.0,0.2429
1405.0,晋城,5.0,1.0,0.0,20.0,51.0,42.0,4.0,2.0,4.0,112.84126124783164,35.49035163926217,112.74298060861244,35.61168198755979,35.490701,112.851831,539183.56,50243.0,2017.0,6.0,0.41137767,0.38186765,0.4281,65.89999985694885,22.803333,50.0,55.0,,3.0,22.0,2.0,30.0,23.0,1.0,0.5393
1405.0,晋城,5.0,1.0,0.0,20.0,51.0,42.0,4.0,2.0,4.0,112.84126124783164,35.49035163926217,112.74298060861244,35.61168198755979,35.490701,112.851831,539183.56,50243.0,2017.0,7.0,0.34301597,0.27960294,0.37895,92.80000076442957,26.519354,50.0,55.0,0.7821160658985638,4.0,26.0,3.0,31.0,23.0,1.0,0.368
1405.0,晋城,5.0,1.0,0.0,20.0,51.0,42.0,4.0,2.0,4.0,112.84126124783164,35.49035163926217,112.74298060861244,35.61168198755979,35.490701,112.851831,539183.56,50243.0,2017.0,8.0,0.28785107,0.24025,0.314825,104.00000208616257,24.654839,50.0,55.0,0.7943211910369466,5.0,24.0,3.0,31.0,23.0,1.0,0.3564
1405.0,晋城,5.0,1.0,0.0,20.0,51.0,42.0,4.0,2.0,4.0,112.84126124783164,35.49035163926217,112.74298060861244,35.61168198755979,35.490701,112.851831,539183.56,50243.0,2017.0,9.0,0.2664415,0.23220588,0.28584167,48.49999958276749,19.67,50.0,55.0,0.9367103625212874,2.0,19.0,3.0,31.0,23.0,1.0,0.3242
1405.0,晋城,5.0,1.0,0.0,20.0,51.0,42.0,4.0,2.0,4.0,112.84126124783164,35.49035163926217,112.74298060861244,35.61168198755979,35.490701,112.851831,539183.56,50243.0,2017.0,10.0,0.2294734,0.18579412,0.254225,61.500000670552254,12.13871,50.0,55.0,0.9654220289919042,3.0,12.0,4.0,32.0,46.0,1.0,0.3327
1405.0,晋城,5.0,1.0,0.0,20.0,51.0,42.0,4.0,2.0,4.0,112.84126124783164,35.49035163926217,112.74298060861244,35.61168198755979,35.490701,112.851831,539183.56,50243.0,2017.0,11.0,0.19202128,0.16825,0.20549166,0.4000000059604645,6.3233333,50.0,55.0,1.0229755041390531,0.0,6.0,4.0,32.0,46.0,1.0,0.2791
1405.0,晋城,5.0,1.0,0.0,20.0,51.0,42.0,4.0,2.0,4.0,112.84126124783164,35.49035163926217,112.74298060861244,35.61168198755979,35.490701,112.851831,539183.56,50243.0,2017.0,12.0,0.08525807,0.08285458,0.08851667,1.7000000476837158,0.37096775,50.0,55.0,0.9232104040638192,0.0,0.0,4.0,32.0,46.0,1.0,0.0717
1406.0,朔州,5.0,0.0,0.0,20.0,66.6,60.0,4.0,4.0,4.0,112.407290575569,39.32761547450113,112.75627133181821,39.56516040965907,39.331595,112.432825,450359.22,57368.0,2010.0,1.0,0.22355358,0.24120347,0.18102665,0.6000000014901161,-8.748387,54.0,53.0,,0.0,-8.0,1.0,1.0,0.0,0.0,0.11023623
1406.0,朔州,5.0,0.0,0.0,20.0,66.6,60.0,4.0,4.0,4.0,112.407290575569,39.32761547450113,112.75627133181821,39.56516040965907,39.331595,112.432825,450359.22,57368.0,2010.0,2.0,0.15280285,0.15546021,0.15517111,6.399999774992466,-3.5714285,54.0,53.0,,0.0,-3.0,1.0,1.0,0.0,0.0,0.12401574
1406.0,朔州,5.0,0.0,0.0,20.0,66.6,60.0,4.0,4.0,4.0,112.407290575569,39.32761547450113,112.75627133181821,39.56516040965907,39.331595,112.432825,450359.22,57368.0,2010.0,3.0,0.5573327,0.43851706,0.6944276,15.700000323355198,0.78709674,54.0,53.0,,0.0,0.0,1.0,1.0,0.0,0.0,0.8484252
1406.0,朔州,5.0,0.0,0.0,20.0,66.6,60.0,4.0,4.0,4.0,112.407290575569,39.32761547450113,112.75627133181821,39.56516040965907,39.331595,112.432825,450359.22,57368.0,2010.0,4.0,0.127777,0.1355643,0.11879164,20.400000013411045,6.5666666,54.0,53.0,,1.0,6.0,2.0,2.0,0.0,0.0,0.098425195
